formula,status,initial_energy,final_energy,relaxed_cif,relaxed_ehull
Al2O3,error,,,,
BN,success,-42.3915901184082,-76.37838745117188,"{'@module': 'pymatgen.core.structure', '@class': 'Structure', 'charge': 0.0, 'lattice': {'matrix': [[6.201256048473596, 0.0493780957714369, -0.29188512366268327], [0.04842295445357063, 6.331696559708936, 0.04156983781001386], [-0.37164176089691037, 0.06021879036680362, 3.770102722736556]], 'pbc': (True, True, True), 'a': 6.208317944539241, 'b': 6.332018174181399, 'c': 3.7888545025035456, 'alpha': 88.75800076547418, 'beta': 98.31600770235212, 'gamma': 89.12430890471845, 'volume': 147.3180977542381}, 'properties': {}, 'sites': [{'species': [{'element': 'B', 'occu': 1}], 'abc': [0.16114693989578302, -0.10224541570460706, 0.025414433230192504], 'properties': {}, 'label': 'B', 'xyz': [0.9849173458961192, -0.6378993914044425, 0.04452830409095359]}, {'species': [{'element': 'B', 'occu': 1}], 'abc': [0.6085991456858819, 0.2523282997899925, -0.0980481085635735], 'properties': {}, 'label': 'B', 'xyz': [3.822736386767694, 1.6218133561041412, -0.5368032314570784]}, {'species': [{'element': 'N', 'occu': 1}], 'abc': [0.29663094454235706, 0.34294762082059066, 0.4302810285735987], 'properties': {}, 'label': 'N', 'xyz': [1.6961805768910572, 2.211998345156969, 1.5498777944121278]}, {'species': [{'element': 'N', 'occu': 1}], 'abc': [0.1664319700950495, 0.8924051123574813, 0.6869185825694422], 'properties': {}, 'label': 'N', 'xyz': [0.820012521702205, 5.700021879662124, 2.5782717380522997]}, {'species': [{'element': 'N', 'occu': 1}], 'abc': [0.7259512278829069, 0.21856342844452847, 0.5933758656195639], 'properties': {}, 'label': 'N', 'xyz': [4.291869678173913, 1.4554557740766707, 2.034279248926439]}, {'species': [{'element': 'N', 'occu': 1}], 'abc': [0.6249405909980291, 0.734422393921627, 0.3705490178741588], 'properties': {}, 'label': 'N', 'xyz': [3.7732680324923678, 4.703312134948515, 1.2451268193087968]}, {'species': [{'element': 'N', 'occu': 1}], 'abc': [0.3798199818716815, 0.317760809792945, 0.7206539761298589], 'properties': {}, 'label': 'N', 'xyz': [2.102922764446369, 2.074116724332648, 2.619284980505404]}, {'species': [{'element': 'N', 'occu': 1}], 'abc': [0.1596567168311549, 0.8990718164726595, 0.3647405785267056], 'properties': {}, 'label': 'N', 'xyz': [0.8980550636739575, 5.7224977083820106, 1.3658822972505227]}, {'species': [{'element': 'N', 'occu': 1}], 'abc': [0.6472280429394639, 0.23944591815227062, 0.27364303622430597], 'properties': {}, 'label': 'N', 'xyz': [3.923524314969281, 1.564536237125031, 0.8526998465576718]}, {'species': [{'element': 'N', 'occu': 1}], 'abc': [0.7295944340753044, 0.7052999927697352, 0.6324715787491212], 'properties': {}, 'label': 'N', 'xyz': [4.323501755424572, 4.539858195036602, 2.200844265788716]}]}",0.6488231048828119
Ba(FeAs)2,success,-61.346229553222656,-61.68592071533203,"{'@module': 'pymatgen.core.structure', '@class': 'Structure', 'charge': 0.0, 'lattice': {'matrix': [[3.9436613226050374, -8.282908806149598e-05, -1.5054845869189525e-05], [-8.28288244012077e-05, 3.9437221433135186, 2.281577335699434e-05], [-4.943905022958391e-05, 7.4909313444511e-05, 12.927845935322187]], 'pbc': (True, True, True), 'a': 3.9436613235036067, 'b': 3.9437221442493318, 'c': 12.927845935633748, 'alpha': 89.99933652427042, 'beta': 90.00043784464312, 'gamma': 90.0024067561207, 'volume': 201.06296734432595}, 'properties': {}, 'sites': [{'species': [{'element': 'Ba', 'occu': 1}], 'abc': [-8.341841740436173e-06, -1.6826669263098338e-05, -1.1113838251336103e-05], 'properties': {}, 'label': 'Ba', 'xyz': [-3.2895455440209224e-05, -6.635984975394292e-05, -0.00014367824699169427]}, {'species': [{'element': 'Ba', 'occu': 1}], 'abc': [0.5000067506544992, 0.49997397679827194, 0.5000060317654621], 'properties': {}, 'label': 'Ba', 'xyz': [1.9717911515175204, 1.9717544833852407, 6.46400482516408]}, {'species': [{'element': 'Fe', 'occu': 1}], 'abc': [2.855225161404146e-05, 0.5000049363610976, 0.24999260938452855], 'properties': {}, 'label': 'Fe', 'xyz': [5.882619211760573e-05, 1.9718992637031052, 3.2318773466618205]}, {'species': [{'element': 'Fe', 'occu': 1}], 'abc': [0.5000057765024515, 6.761441694646987e-07, 0.24999652184339288], 'properties': {}, 'label': 'Fe', 'xyz': [1.9718410822252117, -2.002142994518371e-05, 3.2319089912633188]}, {'species': [{'element': 'Fe', 'occu': 1}], 'abc': [1.5187363433996072e-05, 0.5000074053984537, 0.7499958621255471], 'properties': {}, 'label': 'Fe', 'xyz': [-1.8600290913660672e-05, 1.9719464569077838, 9.69584236551521]}, {'species': [{'element': 'Fe', 'occu': 1}], 'abc': [0.5000110637022933, 1.6622417817878746e-05, 0.749991865057726], 'properties': {}, 'label': 'Fe', 'xyz': [1.9718372125350339, 8.032011249710065e-05, 9.695771757000985]}, {'species': [{'element': 'As', 'occu': 1}], 'abc': [1.790959097782139e-05, -3.6366396078579193e-06, 0.34508140201248644], 'properties': {}, 'label': 'As', 'xyz': [5.356916569410328e-05, 1.1506431323376141e-05, 4.4611592000098055]}, {'species': [{'element': 'As', 'occu': 1}], 'abc': [-1.4540256900122428e-05, 5.459062119299078e-06, 0.6549289997702038], 'properties': {}, 'label': 'As', 'xyz': [-8.972136864190177e-05, 7.059051024550928e-05, 8.466821207947309]}, {'species': [{'element': 'As', 'occu': 1}], 'abc': [0.49998689372222194, 0.499987755499797, 0.845077754151814], 'properties': {}, 'label': 'As', 'xyz': [1.9716957813422236, 1.9718346734860959, 10.92503888942442]}, {'species': [{'element': 'As', 'occu': 1}], 'abc': [0.4999507486567224, 0.5000236313265591, 0.15494006753425227], 'properties': {}, 'label': 'As', 'xyz': [1.9715873542256115, 1.9719244630320836, 2.003045204035611]}]}",0.0017839284667919841
Bi2Te3,success,-7.654293060302734,-14.546756744384766,"{'@module': 'pymatgen.core.structure', '@class': 'Structure', 'charge': 0.0, 'lattice': {'matrix': [[3.215298948934465, -7.691778174698107e-05, 0.00010641489269527657], [-1.6077161237485957, 2.783502661184168, -0.00021157680322772386], [0.0008176556236632134, -0.0014194112897305171, 30.010884869904242]], 'pbc': (True, True, True), 'a': 3.215298951615471, 'b': 3.2144421357593758, 'c': 30.010884914609505, 'alpha': 90.00689860350501, 'beta': 89.99654260902844, 'gamma': 120.01156051586968, 'volume': 268.5875005905716}, 'properties': {}, 'sites': [{'species': [{'element': 'Bi', 'oxidation_state': 3.0, 'spin': None, 'occu': 1}], 'abc': [-1.0281195603224663e-06, 4.420771869563653e-06, 0.39792199991552046], 'properties': {}, 'label': 'Bi3+', 'xyz': [0.00031495010305444257, -0.0005525096697681411, 11.94199132562199]}, {'species': [{'element': 'Bi', 'oxidation_state': 3.0, 'spin': None, 'occu': 1}], 'abc': [-1.1138657925290927e-05, 9.070613370335004e-07, 0.602203427159816], 'properties': {}, 'label': 'Bi3+', 'xyz': [0.0004551226065499777, -0.0008522486788187026, 18.072657719377773]}, {'species': [{'element': 'Te', 'oxidation_state': -2.0, 'spin': None, 'occu': 1}], 'abc': [0.0, 0.0, 0.0], 'properties': {}, 'label': 'Te2-', 'xyz': [0.0, 0.0, 0.0]}, {'species': [{'element': 'Te', 'oxidation_state': -2.0, 'spin': None, 'occu': 1}], 'abc': [1.0283122364474395e-06, -4.420666901428922e-06, 0.21007800004660707], 'properties': {}, 'label': 'Te2-', 'xyz': [0.00018218496685420401, -0.0003104921021699945, 6.304626674143201]}, {'species': [{'element': 'Te', 'oxidation_state': -2.0, 'spin': None, 'occu': 1}], 'abc': [1.113875574798873e-05, -9.073943402002453e-07, 0.7897965728022542], 'properties': {}, 'label': 'Te2-', 'xyz': [0.0006830548714619798, -0.0011235727633550643, 23.70249401839071]}]}",0.5145596511230468
C,success,1151.985595703125,-401.10125732421875,"{'@module': 'pymatgen.core.structure', '@class': 'Structure', 'charge': 0.0, 'lattice': {'matrix': [[6.786964439048315, -0.1826916921967591, 0.07414608675027472], [-0.18302000742333224, 6.709204618632172, -0.2424394999405039], [0.07372875717827658, -0.2412606761712745, 6.789403997067663]], 'pbc': (True, True, True), 'a': 6.789827699837788, 'b': 6.716077713139113, 'c': 6.79408928988279, 'alpha': 94.11986398130138, 'beta': 88.69838987271635, 'gamma': 93.12490663971619, 'volume': 308.50228817714867}, 'properties': {}, 'sites': [{'species': [{'element': 'C', 'occu': 1}], 'abc': [0.29941564825937117, 0.10142748493118174, 0.14402879548204817], 'properties': {}, 'label': 'C', 'xyz': [2.024179162274692, 0.5910485143197023, 0.9754801496419492]}, {'species': [{'element': 'C', 'occu': 1}], 'abc': [0.7165440039135863, 0.5216277518549378, 0.22551529902616754], 'properties': {}, 'label': 'C', 'xyz': [4.784317321279987, 3.3143927118134306, 1.4577802351679368]}, {'species': [{'element': 'C', 'occu': 1}], 'abc': [0.5258893095764393, 0.16561261638637056, 0.5751167068429136], 'properties': {}, 'label': 'C', 'xyz': [3.5812842607185242, 0.8763002773181726, 3.9035412626880155]}, {'species': [{'element': 'C', 'occu': 1}], 'abc': [0.2115154734475026, 0.6209120863734313, 0.6839433425144723], 'properties': {}, 'label': 'C', 'xyz': [1.3723349545633146, 3.9621754846133572, 4.508717092351451]}, {'species': [{'element': 'C', 'occu': 1}], 'abc': [0.9603331580520843, 0.8342949443530161, 0.589792329476932], 'properties': {}, 'label': 'C', 'xyz': [6.408538981875338, 5.279716908027297, 3.87327729572479]}, {'species': [{'element': 'C', 'occu': 1}], 'abc': [0.39725287828771644, 0.3279835620508915, 0.8754739419170943], 'properties': {}, 'label': 'C', 'xyz': [2.7006612099665492, 1.9167165935856074, 5.893884856183497]}, {'species': [{'element': 'C', 'occu': 1}], 'abc': [0.2969050734084632, 0.8217860980339845, 0.43860044006249566], 'properties': {}, 'label': 'C', 'xyz': [1.8970183425773512, 5.353471955436029, 2.8006165195400676]}, {'species': [{'element': 'C', 'occu': 1}], 'abc': [0.8892988162461044, 0.511546427318999, 0.35717891375986227], 'properties': {}, 'label': 'C', 'xyz': [5.9683505680265725, 3.1834289209570135, 2.366950911890226]}, {'species': [{'element': 'C', 'occu': 1}], 'abc': [0.3173587779373793, 0.462449875387132, 0.3396180136448578], 'properties': {}, 'label': 'C', 'xyz': [2.0943047747159427, 2.9627555560464396, 2.217218694260079]}, {'species': [{'element': 'C', 'occu': 1}], 'abc': [0.8206441406469464, 0.8504061305848817, 0.280667023897631], 'properties': {}, 'label': 'C', 'xyz': [5.434734494204594, 5.487909956322535, 1.7602373284938366]}, {'species': [{'element': 'C', 'occu': 1}], 'abc': [0.9897814987147979, 0.31794062587584454, 0.8393492392968249], 'properties': {}, 'label': 'C', 'xyz': [6.72130651474919, 1.749801893655172, 5.69498813873698]}, {'species': [{'element': 'C', 'occu': 1}], 'abc': [0.5102956334561329, 0.7645688683705477, 0.9501105616161809], 'properties': {}, 'label': 'C', 'xyz': [3.393477388593497, 4.807197893604345, 6.3031591748817934]}, {'species': [{'element': 'C', 'occu': 1}], 'abc': [0.20600022229463266, 0.0071168486899021366, 0.9574490615732242], 'properties': {}, 'label': 'C', 'xyz': [1.4674051868209643, -0.22088094309822554, 6.514057190749233]}, {'species': [{'element': 'C', 'occu': 1}], 'abc': [0.6775944826613363, 0.6241935034476848, 0.8656182608826661], 'properties': {}, 'label': 'C', 'xyz': [4.548390716848939, 3.8552114066640617, 5.775943898822479]}, {'species': [{'element': 'C', 'occu': 1}], 'abc': [0.8028024627627055, 0.06251749872679863, 0.36125398285549243], 'properties': {}, 'label': 'C', 'xyz': [5.463784620451462, 0.1856209706080418, 2.497067185074175]}, {'species': [{'element': 'C', 'occu': 1}], 'abc': [0.29000116701891193, 0.8769949638676326, 0.22302943479214615], 'properties': {}, 'label': 'C', 'xyz': [1.8241636660839855, 5.777149625912105, 1.3231211672385947]}, {'species': [{'element': 'C', 'occu': 1}], 'abc': [0.1323560887052582, 0.23150017251465121, 0.5377932701983984], 'properties': {}, 'label': 'C', 'xyz': [0.8955777334725465, 1.399253300822908, 3.604984678255571]}, {'species': [{'element': 'C', 'occu': 1}], 'abc': [0.8423311898393409, 0.47416724642986563, 0.5745863691982724], 'properties': {}, 'label': 'C', 'xyz': [5.672453277271934, 2.8887730733379224, 3.8485976830570143]}, {'species': [{'element': 'C', 'occu': 1}], 'abc': [0.594152471987123, -0.015666697225559502, 0.9139274592717939], 'properties': {}, 'label': 'C', 'xyz': [4.102741753514984, -0.4341525547100586, 6.252875051981743]}, {'species': [{'element': 'C', 'occu': 1}], 'abc': [0.027360852505493118, 0.4346922829194477, 1.0221229868804054], 'properties': {}, 'label': 'C', 'xyz': [0.18149960563608544, 2.664842788857778, 6.83624801306501]}, {'species': [{'element': 'C', 'occu': 1}], 'abc': [0.8214781549784178, 1.0171772193708604, -0.025957893391071813], 'properties': {}, 'label': 'C', 'xyz': [5.387265399834754, 6.680635482846239, -0.3619331710174575]}, {'species': [{'element': 'C', 'occu': 1}], 'abc': [0.26227302659053964, 0.4788846615271157, -0.009993914128088314], 'properties': {}, 'label': 'C', 'xyz': [1.6916553916159425, 3.1674312183445776, -0.16450675981556592]}, {'species': [{'element': 'C', 'occu': 1}], 'abc': [0.2847447143666788, 0.9979513351714291, 0.7537741508179587], 'properties': {}, 'label': 'C', 'xyz': [1.8054820211753386, 6.461583152083794, 4.896847116078927]}, {'species': [{'element': 'C', 'occu': 1}], 'abc': [0.6591433481748983, 0.34605803900623017, 0.6414583784190898], 'properties': {}, 'label': 'C', 'xyz': [4.457540848452885, 2.046595497823963, 4.320094840338691]}, {'species': [{'element': 'C', 'occu': 1}], 'abc': [-0.09065121178631366, 0.817041475722064, 0.06810231827844442], 'properties': {}, 'label': 'C', 'xyz': [-0.7597603884145416, 5.481829254452757, 0.2575695925114106]}, {'species': [{'element': 'C', 'occu': 1}], 'abc': [0.6385825671062236, 0.27720795310185137, 0.1955709900176535], 'properties': {}, 'label': 'C', 'xyz': [4.297721778745744, 1.6959975601893804, 1.3079527022246644]}, {'species': [{'element': 'C', 'occu': 1}], 'abc': [0.5204706616865742, 0.969095267005996, 0.6917161521756163], 'properties': {}, 'label': 'C', 'xyz': [3.40605142169342, 6.239888868776438, 4.499984299322136]}, {'species': [{'element': 'C', 'occu': 1}], 'abc': [0.04731798344945458, 0.4198815848707204, 0.6571687872412131], 'properties': {}, 'label': 'C', 'xyz': [0.2927509781586151, 2.6498778800570433, 4.363496952679008]}, {'species': [{'element': 'C', 'occu': 1}], 'abc': [-0.0007321744782971498, 0.34069403093068124, 0.21710601125004583], 'properties': {}, 'label': 'C', 'xyz': [-0.05131610983200095, 2.2335405849799277, 1.3913684422045451]}, {'species': [{'element': 'C', 'occu': 1}], 'abc': [0.46234317131878566, 0.741991527872088, 0.16152534838124236], 'properties': {}, 'label': 'C', 'xyz': [3.0140164306271595, 4.85473701467225, 0.951053727838954]}, {'species': [{'element': 'C', 'occu': 1}], 'abc': [0.3500770992884584, 0.6076501704544622, 0.5079236209305027], 'properties': {}, 'label': 'C', 'xyz': [2.302197262401285, 3.890351156228308, 3.3271371056600203]}, {'species': [{'element': 'C', 'occu': 1}], 'abc': [0.1745658763335718, 0.8333851478253369, 0.6272257151330735], 'properties': {}, 'label': 'C', 'xyz': [1.078490811452787, 5.408134847396999, 4.069386675501762]}, {'species': [{'element': 'C', 'occu': 1}], 'abc': [0.9178858112072322, 0.1276762333141727, 0.8027761473441066], 'properties': {}, 'label': 'C', 'xyz': [6.265478742237605, 0.49523754602575204, 5.4874754623543]}, {'species': [{'element': 'C', 'occu': 1}], 'abc': [0.2791194487426788, 0.6666690070618793, 0.8927019063216171], 'properties': {}, 'label': 'C', 'xyz': [1.8381778083257305, 4.2064521113241184, 5.919982605132159]}, {'species': [{'element': 'C', 'occu': 1}], 'abc': [0.6098718263480996, 0.15077092251167662, 0.3750283452423841], 'properties': {}, 'label': 'C', 'xyz': [4.139234676246039, 0.80965486153554, 2.5548857284859694]}, {'species': [{'element': 'C', 'occu': 1}], 'abc': [0.9382863685664978, 0.7329286285684393, 0.39395246503936876], 'properties': {}, 'label': 'C', 'xyz': [6.263021239697904, 4.6509057773858125, 2.566581853071069]}, {'species': [{'element': 'C', 'occu': 1}], 'abc': [0.8401274586751606, 0.1757707270357746, 0.17099457271674193], 'properties': {}, 'label': 'C', 'xyz': [5.682352843860092, 0.9845432003271666, 1.180629631745409]}, {'species': [{'element': 'C', 'occu': 1}], 'abc': [0.3570870974702629, 0.5431571920635903, 0.170012717851662], 'properties': {}, 'label': 'C', 'xyz': [2.3366636252418433, 3.537898512271242, 1.0490788790078598]}, {'species': [{'element': 'C', 'occu': 1}], 'abc': [0.31566647934787295, 0.1970750835455143, 0.6687794262152774], 'properties': {}, 'label': 'C', 'xyz': [2.1556567626013923, 1.1031972408808948, 4.516240358958997]}, {'species': [{'element': 'C', 'occu': 1}], 'abc': [0.8085073425500815, 0.6779368742408364, 0.6822753000352132], 'properties': {}, 'label': 'C', 'xyz': [5.413537880765781, 4.236103433012244, 4.527831627936392]}, {'species': [{'element': 'C', 'occu': 1}], 'abc': [0.4873845625804885, 0.1810201165423843, 0.036247184688109654], 'properties': {}, 'label': 'C', 'xyz': [3.2774038511797996, 1.1167148711959338, 0.2383480121280317]}, {'species': [{'element': 'C', 'occu': 1}], 'abc': [0.8312241475987969, 0.5977468807219308, 0.03021886407302641], 'properties': {}, 'label': 'C', 'xyz': [5.5343170913757245, 3.851257763213533, 0.12188263942781252]}, {'species': [{'element': 'C', 'occu': 1}], 'abc': [0.9399838938090364, 0.06486785742727175, 0.5796026972648024], 'properties': {}, 'label': 'C', 'xyz': [6.4104985313387335, 0.12364914180135254, 3.9891264659381944]}, {'species': [{'element': 'C', 'occu': 1}], 'abc': [0.5050853642938403, 0.7820381702137801, 0.505540993860029], 'properties': {}, 'label': 'C', 'xyz': [3.3221406836081733, 5.032612041627319, 3.2801752047110497]}, {'species': [{'element': 'C', 'occu': 1}], 'abc': [0.143936886742421, 0.8202502174987183, 1.0352040768055364], 'properties': {}, 'label': 'C', 'xyz': [0.9030966409012883, 5.227176438722575, 6.840230001178738]}, {'species': [{'element': 'C', 'occu': 1}], 'abc': [0.5760031802584457, 0.43506872312964096, 0.797577052329665], 'properties': {}, 'label': 'C', 'xyz': [3.88849118507814, 2.621310111987911, 5.352303365153046]}, {'species': [{'element': 'C', 'occu': 1}], 'abc': [0.6244784771129624, 0.7293648510652119, 0.30276754425959956], 'properties': {}, 'label': 'C', 'xyz': [4.12714753141263, 4.706325095259676, 1.925086960749753]}, {'species': [{'element': 'C', 'occu': 1}], 'abc': [0.1879050347864387, 0.27456788032890334, 0.31552610969190714], 'properties': {}, 'label': 'C', 'xyz': [1.2483167214425723, 1.731679359479337, 2.0896005537248694]}]}",0.8676053057454425
CaCO3,success,-55.45747375488281,-73.75603485107422,"{'@module': 'pymatgen.core.structure', '@class': 'Structure', 'charge': 0.0, 'lattice': {'matrix': [[5.2103927789979405, 0.0014051692253562785, -0.006372803549184002], [-2.603652669039066, 4.083898249219831, 0.13275864987766747], [2.0715318751618115e-05, 0.9458974758922764, 6.757672716194785]], 'pbc': (True, True, True), 'a': 5.210396865744443, 'b': 4.845085859929873, 'c': 6.823552049668259, 'alpha': 81.72185991779897, 'beta': 90.06708562429533, 'gamma': 122.4922731206287, 'volume': 143.18070287006321}, 'properties': {}, 'sites': [{'species': [{'element': 'Ca', 'occu': 1}], 'abc': [0.18146166258713337, -0.22477956919547543, -0.05523776576949448], 'properties': {}, 'label': 'Ca', 'xyz': [1.5307333174222864, -0.9699711679692342, -0.40427659429792223]}, {'species': [{'element': 'Ca', 'occu': 1}], 'abc': [-0.41434837257287044, -0.24373758760757097, 0.44957155867841525], 'properties': {}, 'label': 'Ca', 'xyz': [-1.5243004349054974, -0.5707331342944708, 3.0083397437823995]}, {'species': [{'element': 'C', 'occu': 1}], 'abc': [0.2006147922754823, 0.052780012251893924, 0.26753348371303365], 'properties': {}, 'label': 'C', 'xyz': [0.9078665873021784, 0.46888934432239354, 1.8136322480629654]}, {'species': [{'element': 'C', 'occu': 1}], 'abc': [-0.13793513873088648, 0.07376103652142735, 0.7622656538251844], 'properties': {}, 'label': 'C', 'xyz': [-0.9107285798476, 1.022063903611075, 5.161813260510651]}, {'species': [{'element': 'O', 'occu': 1}], 'abc': [0.4471392262084459, 0.06041455537522769, 0.21841882003551732], 'properties': {}, 'label': 'O', 'xyz': [2.1724770017071715, 0.45395701376336983, 1.4811739252142884]}, {'species': [{'element': 'O', 'occu': 1}], 'abc': [0.20282810865918, 0.27414696558738105, 0.3526205217041253], 'properties': {}, 'label': 'O', 'xyz': [0.34303793872156085, 1.4534161820353098, 2.417996876019041]}, {'species': [{'element': 'O', 'occu': 1}], 'abc': [0.9402653524471193, 0.8051216582135187, 0.22417391640062861], 'properties': {}, 'label': 'O', 'xyz': [2.8028992922577713, 3.5014017040083245, 1.6157886964995043]}, {'species': [{'element': 'O', 'occu': 1}], 'abc': [0.6241846145105121, 0.08296936028483431, 0.7132422376958009], 'properties': {}, 'label': 'O', 'xyz': [3.0362383868934137, 1.0143695425535924, 4.8268947040405585]}, {'species': [{'element': 'O', 'occu': 1}], 'abc': [-0.1316421388286275, 0.8189982818773605, 0.7259962248780705], 'properties': {}, 'label': 'O', 'xyz': [-2.818279272869713, 4.031238666610248, 5.0156129165626675]}, {'species': [{'element': 'O', 'occu': 1}], 'abc': [0.08743174961059061, 0.30032515065135995, 0.8414153386434823], 'properties': {}, 'label': 'O', 'xyz': [-0.326371193059853, 2.0225128583455576, 5.725323053099407]}]}",0.1212345148925813
Fe3O4,success,3769.329345703125,-223.6757049560547,"{'@module': 'pymatgen.core.structure', '@class': 'Structure', 'charge': 21.333999999999982, 'lattice': {'matrix': [[8.177598930031735, 0.008096615571496539, 0.23530406786627253], [0.007445352687943818, 8.023189033708631, 0.05729664342314491], [0.22780709905726465, 0.057737441031135095, 8.53842975463329]], 'pbc': (True, True, True), 'a': 8.180987582192893, 'b': 8.023397074135532, 'c': 8.541663325212767, 'alpha': 89.20226955545606, 'beta': 86.82320259638581, 'gamma': 89.87838221513276, 'volume': 559.7525446892306}, 'properties': {}, 'sites': [{'species': [{'element': 'Fe', 'oxidation_state': 2.6667, 'spin': None, 'occu': 1}], 'abc': [0.11967077969295112, 0.14235539219899998, -0.03964184508570482], 'properties': {}, 'label': 'Fe2.67+', 'xyz': [0.9706488323448407, 1.1408243311856217, -0.3021636021956775]}, {'species': [{'element': 'Fe', 'oxidation_state': 2.6667, 'spin': None, 'occu': 1}], 'abc': [0.48806808285226927, 0.08593780451528951, 0.14904335812075403], 'properties': {}, 'label': 'Fe2.67+', 'xyz': [4.025818004426443, 0.7020523325082184, 1.3923645967414238]}, {'species': [{'element': 'Fe', 'oxidation_state': 2.6667, 'spin': None, 'occu': 1}], 'abc': [0.06208174410931429, 0.29111096147677906, 0.2886282531618076], 'properties': {}, 'label': 'Fe2.67+', 'xyz': [0.5755985930411107, 2.35280558247578, 2.4957198327100665]}, {'species': [{'element': 'Fe', 'oxidation_state': 2.6667, 'spin': None, 'occu': 1}], 'abc': [0.8509215735617316, 0.9936010876254854, 0.12482178145720889], 'properties': {}, 'label': 'Fe2.67+', 'xyz': [6.994328347960759, 7.985945825226671, 1.3229373277373377]}, {'species': [{'element': 'Fe', 'oxidation_state': 2.6667, 'spin': None, 'occu': 1}], 'abc': [1.163824508175656, 0.8488386110438069, 0.7114947237300931], 'properties': {}, 'label': 'Fe2.67+', 'xyz': [9.68569350464382, 6.860895559805852, 6.39753596363859]}, {'species': [{'element': 'Fe', 'oxidation_state': 2.6667, 'spin': None, 'occu': 1}], 'abc': [0.16106889499396754, 0.41901053437223734, 0.5772660267032751], 'properties': {}, 'label': 'Fe2.67+', 'xyz': [1.4517818035000145, 3.396434700483078, 4.990853482119453]}, {'species': [{'element': 'Fe', 'oxidation_state': 2.6667, 'spin': None, 'occu': 1}], 'abc': [0.3470452858489088, 0.10544464603299511, 0.4669637468713477], 'properties': {}, 'label': 'Fe2.67+', 'xyz': [2.945159887349038, 0.8757735117792957, 4.0748399424000565]}, {'species': [{'element': 'Fe', 'oxidation_state': 2.6667, 'spin': None, 'occu': 1}], 'abc': [-0.0872959833709061, 0.18733291864225668, 0.7044401700513732], 'properties': {}, 'label': 'Fe2.67+', 'xyz': [-0.5520003089618268, 1.5429731892631988, 6.005005355770881]}, {'species': [{'element': 'Fe', 'oxidation_state': 2.6667, 'spin': None, 'occu': 1}], 'abc': [0.6598240734602216, 0.5569511710724608, -0.013020807378943776], 'properties': {}, 'label': 'Fe2.67+', 'xyz': [5.396957102679706, 4.473115081829154, 0.07599347206060392]}, {'species': [{'element': 'Fe', 'oxidation_state': 2.6667, 'spin': None, 'occu': 1}], 'abc': [0.9739521431679201, 0.6208329357690103, 0.18591145857248242], 'properties': {}, 'label': 'Fe2.67+', 'xyz': [8.011564274098092, 4.9996797699916655, 1.8521384741431453]}, {'species': [{'element': 'Fe', 'oxidation_state': 2.6667, 'spin': None, 'occu': 1}], 'abc': [0.5951415028954279, 0.7930047494741409, 0.27559740243057673], 'properties': {}, 'label': 'Fe2.67+', 'xyz': [4.9355157620936065, 6.383157930390544, 2.538644788163703]}, {'species': [{'element': 'Fe', 'oxidation_state': 2.6667, 'spin': None, 'occu': 1}], 'abc': [0.36077270539943646, 0.42235583888579487, 0.07436839751159226], 'properties': {}, 'label': 'Fe2.67+', 'xyz': [2.970340726738056, 3.3958556137415323, 0.744080195171306]}, {'species': [{'element': 'Fe', 'oxidation_state': 2.6667, 'spin': None, 'occu': 1}], 'abc': [0.49570076259450835, 0.1926016589469679, 0.7781340533527837], 'properties': {}, 'label': 'Fe2.67+', 'xyz': [4.232340474459878, 1.5942204854704025, 6.771718788699109]}, {'species': [{'element': 'Fe', 'oxidation_state': 2.6667, 'spin': None, 'occu': 1}], 'abc': [0.5765354782146953, 0.8902384870178098, 0.5823387695749069], 'properties': {}, 'label': 'Fe2.67+', 'xyz': [4.8539649550514925, 7.180842402925563, 5.158927497860288]}, {'species': [{'element': 'Fe', 'oxidation_state': 2.6667, 'spin': None, 'occu': 1}], 'abc': [0.8413102999343531, 0.6129765993765162, 0.5325369150413084], 'properties': {}, 'label': 'Fe2.67+', 'xyz': [7.005777725296124, 4.955586214841682, 4.780114278382883]}, {'species': [{'element': 'Fe', 'oxidation_state': 2.6667, 'spin': None, 'occu': 1}], 'abc': [0.4593409838705859, 0.5456211896478949, 0.736217471756356], 'properties': {}, 'label': 'Fe2.67+', 'xyz': [3.928084246926861, 4.423848365566305, 6.4254882315151765]}, {'species': [{'element': 'Fe', 'oxidation_state': 2.6667, 'spin': None, 'occu': 1}], 'abc': [0.49973780652913763, 0.4484654873438336, 0.39585614149008064], 'properties': {}, 'label': 'Fe2.67+', 'xyz': [4.180173174927585, 3.6250252855859486, 3.523275762912031]}, {'species': [{'element': 'Fe', 'oxidation_state': 2.6667, 'spin': None, 'occu': 1}], 'abc': [0.8034894756847951, 0.8721388847552096, 0.8439526937624153], 'properties': {}, 'label': 'Fe2.67+', 'xyz': [6.7693664731491925, 7.052568350328411, 7.445065764735573]}, {'species': [{'element': 'Fe', 'oxidation_state': 2.6667, 'spin': None, 'occu': 1}], 'abc': [-0.010500970072502393, -0.04587739770314364, 0.42554352443737925], 'properties': {}, 'label': 'Fe2.67+', 'xyz': [0.010727540789187764, -0.34359826231637186, 3.628373949075657]}, {'species': [{'element': 'Fe', 'oxidation_state': 2.6667, 'spin': None, 'occu': 1}], 'abc': [0.032406482551410945, 0.4897166647117306, 0.8632245819276813], 'properties': {}, 'label': 'Fe2.67+', 'xyz': [0.46530201816831773, 3.9791921351664423, 7.40626695354814]}, {'species': [{'element': 'O', 'oxidation_state': -2.0, 'spin': None, 'occu': 1}], 'abc': [0.3880246010605695, 0.26285003939723117, 0.28360508057527173], 'properties': {}, 'label': 'O2-', 'xyz': [3.2396738243900107, 2.1284118712446625, 2.527906250591914]}, {'species': [{'element': 'O', 'oxidation_state': -2.0, 'spin': None, 'occu': 1}], 'abc': [0.6431038177593476, 0.9250018029086027, 1.0536045096694806], 'properties': {}, 'label': 'O2-', 'xyz': [5.505950643569259, 7.4875037138891525, 9.200452537823836]}, {'species': [{'element': 'O', 'oxidation_state': -2.0, 'spin': None, 'occu': 1}], 'abc': [0.8775413031045584, 0.6609858113859445, 0.9671207460893615], 'properties': {}, 'label': 'O2-', 'xyz': [7.401419065418701, 5.366158304975381, 8.502053861416462]}, {'species': [{'element': 'O', 'oxidation_state': -2.0, 'spin': None, 'occu': 1}], 'abc': [0.5209269275863981, 0.5711054398966209, 0.18762159713234214], 'properties': {}, 'label': 'O2-', 'xyz': [4.306925098840492, 4.597137438444016, 1.7572924774355438]}, {'species': [{'element': 'O', 'oxidation_state': -2.0, 'spin': None, 'occu': 1}], 'abc': [0.5939363052618319, 0.6420620691988556, 0.5283265269228148], 'properties': {}, 'label': 'O2-', 'xyz': [4.982109806422181, 5.18669844818758, 4.687622567755814]}, {'species': [{'element': 'O', 'oxidation_state': -2.0, 'spin': None, 'occu': 1}], 'abc': [1.0206343168591234, 0.5061042071246978, 0.40171851349722215], 'properties': {}, 'label': 'O2-', 'xyz': [8.441620551017133, 4.092027607203524, 3.6992027874831797]}, {'species': [{'element': 'O', 'oxidation_state': -2.0, 'spin': None, 'occu': 1}], 'abc': [0.3619233194977981, 0.979507830922001, 0.6697807297956782], 'properties': {}, 'label': 'O2-', 'xyz': [3.119537336599756, 7.900378266859828, 5.860160252619431]}, {'species': [{'element': 'O', 'oxidation_state': -2.0, 'spin': None, 'occu': 1}], 'abc': [0.405308220609575, 0.339349451812618, 0.5952426943385862], 'properties': {}, 'label': 'O2-', 'xyz': [3.4525751589754354, 2.760314215191863, 5.197252190154094]}, {'species': [{'element': 'O', 'oxidation_state': -2.0, 'spin': None, 'occu': 1}], 'abc': [0.8487286452148484, 0.7956273868616437, 0.30485519712851583], 'properties': {}, 'label': 'O2-', 'xyz': [7.0159343655899775, 6.407942313718659, 2.848280767433101]}, {'species': [{'element': 'O', 'oxidation_state': -2.0, 'spin': None, 'occu': 1}], 'abc': [0.10738615499191262, 0.4328525180500273, 1.0856069709789167], 'properties': {}, 'label': 'O2-', 'xyz': [1.1286926205958847, 3.5364072089167014, 9.319448258327338]}, {'species': [{'element': 'O', 'oxidation_state': -2.0, 'spin': None, 'occu': 1}], 'abc': [0.3530246283640142, 0.1918511736619528, 0.969897279001296], 'properties': {}, 'label': 'O2-', 'xyz': [3.1092717083487424, 1.5981159242844394, 8.375460345361184]}, {'species': [{'element': 'O', 'oxidation_state': -2.0, 'spin': None, 'occu': 1}], 'abc': [0.05337170700835317, 0.06661821085609987, 0.19897146008506428], 'properties': {}, 'label': 'O2-', 'xyz': [0.4822755213179064, 0.5464107319235312, 1.715279414754085]}, {'species': [{'element': 'O', 'oxidation_state': -2.0, 'spin': None, 'occu': 1}], 'abc': [0.07309982783290381, 0.17086576683830032, 0.5114837174190201], 'properties': {}, 'label': 'O2-', 'xyz': [0.715572851648518, 1.401011968910439, 4.39425851358617]}, {'species': [{'element': 'O', 'oxidation_state': -2.0, 'spin': None, 'occu': 1}], 'abc': [0.700276405785936, 0.06134180090903005, 0.7136540661798638], 'properties': {}, 'label': 'O2-', 'xyz': [5.889611760570677, 0.5390312927753957, 6.261777679391006]}, {'species': [{'element': 'O', 'oxidation_state': -2.0, 'spin': None, 'occu': 1}], 'abc': [0.21886086795628829, 0.6004208746120204, 0.7339716881137676], 'properties': {}, 'label': 'O2-', 'xyz': [1.961430705857211, 4.861439856169385, 6.352866654132334]}, {'species': [{'element': 'O', 'oxidation_state': -2.0, 'spin': None, 'occu': 1}], 'abc': [0.9407574037441127, 0.8207972456502609, 0.6308623752136184], 'properties': {}, 'label': 'O2-', 'xyz': [7.8429627908582376, 6.629452790431237, 5.654967046685616]}]}",0.6136379178873712
GaAs,success,-37.22909164428711,-42.39952850341797,"{'@module': 'pymatgen.core.structure', '@class': 'Structure', 'charge': -18.0, 'lattice': {'matrix': [[5.9405465148654875, -0.8536377082247385, 0.49659020843548135], [-0.8545454021029611, 5.942857510249172, -0.4783231825008845], [0.37995086879907936, -0.3699187295255471, 6.937986951189566]], 'pbc': (True, True, True), 'a': 6.022075395351478, 'b': 6.023005586772942, 'c': 6.958222866798077, 'alpha': 98.01242019736878, 'beta': 81.74244834757029, 'gamma': 106.64095549953218, 'volume': 238.01607992893406}, 'properties': {}, 'sites': [{'species': [{'element': 'Ga', 'oxidation_state': 3.0, 'spin': None, 'occu': 1}], 'abc': [0.0031005017419900166, -0.0004339200201166964, -0.0011599344129641673], 'properties': {}, 'label': 'Ga3+', 'xyz': [0.01834876108782863, -0.004796348587400482, -0.00630037701009866]}, {'species': [{'element': 'Ga', 'oxidation_state': 3.0, 'spin': None, 'occu': 1}], 'abc': [0.49979380939305074, 0.5030145753636309, 0.0014274105748896837], 'properties': {}, 'label': 'Ga3+', 'xyz': [2.5397419258615317, 2.562173079022982, 0.017492535391569967]}, {'species': [{'element': 'As', 'oxidation_state': -3.0, 'spin': None, 'occu': 1}], 'abc': [0.3185684389256023, 0.18087882025117313, 0.29845206796036644], 'properties': {}, 'label': 'As3-', 'xyz': [1.851298587938601, 0.6925920134533395, 2.1423359876020482]}, {'species': [{'element': 'As', 'oxidation_state': -3.0, 'spin': None, 'occu': 1}], 'abc': [0.2526378267419055, 0.7453783320097342, 0.6860657186753982], 'properties': {}, 'label': 'As3-', 'xyz': [1.124518400592707, 3.9602274839067766, 4.528840738934758]}, {'species': [{'element': 'As', 'oxidation_state': -3.0, 'spin': None, 'occu': 1}], 'abc': [0.7515835652747502, 0.2463522833964224, 0.6861881944509676], 'properties': {}, 'label': 'As3-', 'xyz': [4.515015718890433, 0.5686225802422142, 5.016157770287076]}, {'species': [{'element': 'As', 'oxidation_state': -3.0, 'spin': None, 'occu': 1}], 'abc': [0.819055867188204, 0.6812471738284737, 0.2978533411469328], 'properties': {}, 'label': 'As3-', 'xyz': [4.396652472957742, 3.239196380405991, 2.1473814017975594]}, {'species': [{'element': 'As', 'oxidation_state': -3.0, 'spin': None, 'occu': 1}], 'abc': [0.18016537871398153, 0.3171763438873761, 0.7022502865480219], 'properties': {}, 'label': 'As3-', 'xyz': [1.066059832782302, 1.471362322548826, 4.8099588892855385]}, {'species': [{'element': 'As', 'oxidation_state': -3.0, 'spin': None, 'occu': 1}], 'abc': [0.24647201790761433, 0.7541031319453525, 0.3135081386665104], 'properties': {}, 'label': 'As3-', 'xyz': [0.9388808125395216, 4.155157120324244, 1.9368059559002486]}, {'species': [{'element': 'As', 'oxidation_state': -3.0, 'spin': None, 'occu': 1}], 'abc': [0.746797724558223, 0.25385029829491434, 0.3137761323280428], 'properties': {}, 'label': 'As3-', 'xyz': [4.338679528789899, 0.7550297853753638, 2.4264046668249803]}, {'species': [{'element': 'As', 'oxidation_state': -3.0, 'spin': None, 'occu': 1}], 'abc': [0.6818248460511698, 0.8184329545410711, 0.7016386535878583], 'properties': {}, 'label': 'As3-', 'xyz': [3.617612310739083, 4.0222497522147815, 4.81507190998013]}]}",0.22656664965820372
La2CuO4,success,-103.5869369506836,-103.60843658447266,"{'@module': 'pymatgen.core.structure', '@class': 'Structure', 'charge': 0.0, 'lattice': {'matrix': [[3.8048448898093246, 6.501281093883617e-06, -1.1133995499657981e-05], [6.50127803710059e-06, 3.8048323101596457, 1.2352556370237846e-05], [-3.849933072254242e-05, 4.271312635343608e-05, 13.154252207252863]], 'pbc': (True, True, True), 'a': 3.8048448898311693, 'b': 3.8048323101852515, 'c': 13.15425220737855, 'alpha': 89.999627942079, 'beta': 90.00033535344178, 'gamma': 89.99980419939757, 'volume': 190.43143588642144}, 'properties': {}, 'sites': [{'species': [{'element': 'La', 'occu': 1}], 'abc': [3.300502035257705e-05, -1.6141052941557585e-05, 0.36109398786385993], 'properties': {}, 'label': 'La', 'xyz': [0.00011167700122839009, -4.599033204802571e-05, 4.749921386317057]}, {'species': [{'element': 'La', 'occu': 1}], 'abc': [4.969568573118566e-05, 1.69585294648114e-05, 0.6388936996412964], 'properties': {}, 'label': 'La', 'xyz': [0.00016448750631294814, 9.181383124532379e-05, 8.40416885836264]}, {'species': [{'element': 'La', 'occu': 1}], 'abc': [0.500021949358505, 0.499986072000589, 0.8610596640090556], 'properties': {}, 'label': 'La', 'xyz': [1.902476059136897, 1.9024031907111205, 11.326596594731534]}, {'species': [{'element': 'La', 'occu': 1}], 'abc': [0.5000390820551391, 0.5000079326929604, 0.13891342254681352], 'properties': {}, 'label': 'La', 'xyz': [1.9025690486792364, 1.902455521967505, 1.8273028040967563]}, {'species': [{'element': 'Cu', 'occu': 1}], 'abc': [2.4904008080474692e-05, 9.536793885754131e-05, -2.6201277419550187e-05], 'properties': {}, 'label': 'Cu', 'xyz': [9.475751662589532e-05, 0.0003628580578879866, -0.0003446573105722359]}, {'species': [{'element': 'Cu', 'occu': 1}], 'abc': [0.49995260271974473, 0.5000285763060807, 0.49998415008902913], 'properties': {}, 'label': 'Cu', 'xyz': [1.902226107374743, 1.902549489351085, 6.576918220061205]}, {'species': [{'element': 'O', 'occu': 1}], 'abc': [-3.53397108973032e-05, 0.49998673010532835, 3.130001567615258e-05], 'properties': {}, 'label': 'O', 'xyz': [-0.00013121277069732257, 1.9023656664629918, 0.0004179048080352583]}, {'species': [{'element': 'O', 'occu': 1}], 'abc': [0.4999629684786924, -5.369324427948685e-05, 4.318388792496534e-05], 'properties': {}, 'label': 'O', 'xyz': [1.9022815436984277, -0.00020104154635841232, 0.0005624845043648715]}, {'species': [{'element': 'O', 'occu': 1}], 'abc': [0.4999709285324749, 3.825993979341751e-05, 0.5000065067267753], 'properties': {}, 'label': 'O', 'xyz': [1.9022925828128827, 0.00017017994775527827, 6.577206128550017]}, {'species': [{'element': 'O', 'occu': 1}], 'abc': [1.2541409062112065e-05, 0.4999568326817052, 0.5000175533901979], 'properties': {}, 'label': 'O', 'xyz': [3.171813340175165e-05, 1.9022732680669039, 6.57736318095351]}, {'species': [{'element': 'O', 'occu': 1}], 'abc': [6.228646366840601e-06, 1.6321175317928057e-05, 0.18507464325910014], 'properties': {}, 'label': 'O', 'xyz': [1.657388950861286e-05, 7.000449230595672e-05, 2.4345185347298126]}, {'species': [{'element': 'O', 'occu': 1}], 'abc': [-2.6229136570556e-05, -3.7202395995424664e-05, 0.8149172187134855], 'properties': {}, 'label': 'O', 'xyz': [-0.0001311718056224558, -0.00010674138669123546, 10.719626622822721]}, {'species': [{'element': 'O', 'occu': 1}], 'abc': [0.5000093960036419, 0.5000146935181968, 0.6850596627451919], 'properties': {}, 'label': 'O', 'xyz': [1.9024350716371283, 1.9025045731941754, 9.011448190123165]}, {'species': [{'element': 'O', 'occu': 1}], 'abc': [0.4999782671628658, 0.49995929218538676, 0.31493120689104603], 'properties': {}, 'label': 'O', 'xyz': [1.9023308805640278, 1.9022779708671946, 4.142685132398913]}]}",0.08234595825195345
LiCoO2,success,-67.44337463378906,-67.47457122802734,"{'@module': 'pymatgen.core.structure', '@class': 'Structure', 'charge': 0.0, 'lattice': {'matrix': [[2.833038820103633, -1.4581696199405273e-05, -1.6944849907637536e-05], [-1.416532038054912, 2.4534226817303177, 2.5902542486077016e-05], [-8.455633420716602e-05, 0.00010031619144438897, 14.116783342241177]], 'pbc': (True, True, True), 'a': 2.833038820191834, 'b': 2.8329923880476153, 'c': 14.116783342850846, 'alpha': 89.99895193390981, 'beta': 90.00068588588655, 'gamma': 120.00113198205375, 'volume': 98.12041136405307}, 'properties': {}, 'sites': [{'species': [{'element': 'Li', 'oxidation_state': 1.0, 'spin': None, 'occu': 1}], 'abc': [-3.9053648314946236e-05, 7.169057007297968e-05, 3.89628467695386e-05], 'properties': {}, 'label': 'Li+', 'xyz': [-0.00021219578563320702, 0.00017589174875605603, 0.0005500325849687642]}, {'species': [{'element': 'Li', 'oxidation_state': 1.0, 'spin': None, 'occu': 1}], 'abc': [0.6666186819293273, 0.33341843358821294, 0.3333581239995619], 'properties': {}, 'label': 'Li+', 'xyz': [1.4162305233153694, 0.8180400682586012, 4.705941752509415]}, {'species': [{'element': 'Li', 'oxidation_state': 1.0, 'spin': None, 'occu': 1}], 'abc': [0.33326883363510207, 0.6667507896801681, 0.6666905606854094], 'properties': {}, 'label': 'Li+', 'xyz': [-0.0003666846713289801, 1.6358835306959603, 9.411537824863512]}, {'species': [{'element': 'Co', 'oxidation_state': 3.0, 'spin': None, 'occu': 1}], 'abc': [-7.856972346872014e-05, -0.00010246119950266823, 0.49999845980382635], 'properties': {}, 'label': 'Co3+', 'xyz': [-0.00011972954178886666, -0.00020122154396172304, 7.058369927182247]}, {'species': [{'element': 'Co', 'oxidation_state': 3.0, 'spin': None, 'occu': 1}], 'abc': [0.6667249909128002, 0.3333283458050208, 0.8333195560772788], 'properties': {}, 'label': 'Co3+', 'xyz': [1.4166170381176615, 0.8178691975245407, 11.763788964492282]}, {'species': [{'element': 'Co', 'oxidation_state': 3.0, 'spin': None, 'occu': 1}], 'abc': [0.33329390985455926, 0.6666727421517026, 0.16666379815511193], 'properties': {}, 'label': 'Co3+', 'xyz': [-0.00014280551353789754, 1.6356418859732789, 2.3527683504544803]}, {'species': [{'element': 'O', 'oxidation_state': -2.0, 'spin': None, 'occu': 1}], 'abc': [0.00011897571263573934, 9.222308766031549e-05, 0.2400123140408242], 'properties': {}, 'label': 'O2-', 'xyz': [0.00018613129278748916, 0.00025033760142165477, 3.388201837157052]}, {'species': [{'element': 'O', 'oxidation_state': -2.0, 'spin': None, 'occu': 1}], 'abc': [-5.604069031606116e-05, -0.00017820475737932538, 0.759968964966698], 'properties': {}, 'label': 'O2-', 'xyz': [2.9407107202011728e-05, -0.0003609735843969707, 10.728317221595796]}, {'species': [{'element': 'O', 'oxidation_state': -2.0, 'spin': None, 'occu': 1}], 'abc': [0.6668048777268999, 0.3334664794067088, 0.5733408761179285], 'properties': {}, 'label': 'O2-', 'xyz': [1.4166696727350467, 0.8181820164001156, 8.093726268128615]}, {'species': [{'element': 'O', 'oxidation_state': -2.0, 'spin': None, 'occu': 1}], 'abc': [0.6666358116886595, 0.33315065239165165, 0.09331261516965134], 'properties': {}, 'label': 'O2-', 'xyz': [1.4166786706009236, 0.8173590070962167, 1.317271304853051]}, {'species': [{'element': 'O', 'oxidation_state': -2.0, 'spin': None, 'occu': 1}], 'abc': [0.3333736916577616, 0.6667770004371668, 0.9066633339013576], 'properties': {}, 'label': 'O2-', 'xyz': [-0.00012703741757828194, 1.6359719083873376, 12.799181471291948]}, {'species': [{'element': 'O', 'oxidation_state': -2.0, 'spin': None, 'occu': 1}], 'abc': [0.3333338976905953, 0.6665523116956885, 0.4266324328763317], 'properties': {}, 'label': 'O2-', 'xyz': [0.00011909318282473152, 1.6353724976411625, 6.022689238795134]}]}",0.1281830643310542
LiPF6,success,60.29119873046875,-159.49603271484375,"{'@module': 'pymatgen.core.structure', '@class': 'Structure', 'charge': 0.0, 'lattice': {'matrix': [[4.716018941823058, -8.35573823514225e-05, -2.1738687870716906], [-0.00025374979101434495, 9.190030213935461, -0.0003160381549634226], [-0.08920016603568783, -0.0002542538461531272, 9.191779141221858]], 'pbc': (True, True, True), 'a': 5.192931750949578, 'b': 9.190030222872814, 'c': 9.192211948996121, 'alpha': 90.00353969802697, 'beta': 115.30353819370501, 'gamma': 90.00153381780466, 'volume': 396.59295096315134}, 'properties': {}, 'sites': [{'species': [{'element': 'Li', 'occu': 1}], 'abc': [0.40621113210445775, 0.07621784137715147, 0.14367263169060832], 'properties': {}, 'label': 'Li', 'xyz': [1.9028644305211035, 0.7003737938388874, 0.437533310349284]}, {'species': [{'element': 'Li', 'occu': 1}], 'abc': [0.5951459235244172, 0.576055806920364, 0.3556047057419086], 'properties': {}, 'label': 'Li', 'xyz': [2.7748532756540594, 5.293830127811486, 1.974688714241751]}, {'species': [{'element': 'Li', 'occu': 1}], 'abc': [0.6008759398600239, 0.9278839006409199, 0.8505895785861397], 'properties': {}, 'label': 'Li', 'xyz': [2.7576341320816224, 8.527014608621839, 6.511912848908718]}, {'species': [{'element': 'Li', 'occu': 1}], 'abc': [0.3981529933838656, 0.4279915081905192, 0.6501021695532404], 'properties': {}, 'label': 'Li', 'xyz': [1.8195992343217917, 3.9330563319797736, 5.109927935319615]}, {'species': [{'element': 'P', 'occu': 1}], 'abc': [-0.10926984839992857, 0.2491404116878928, 0.5068672036031923], 'properties': {}, 'label': 'P', 'xyz': [-0.5605945328710457, 2.2894881682905517, 4.896470964377898]}, {'species': [{'element': 'P', 'occu': 1}], 'abc': [0.10908025606700197, 0.7492054878696868, -0.0069024037416434356], 'properties': {}, 'label': 'P', 'xyz': [0.514850138614717, 6.8852137104707145, -0.30080831220664767]}, {'species': [{'element': 'P', 'occu': 1}], 'abc': [0.10955242780290238, 0.7506339108332976, 0.4930869767676419], 'properties': {}, 'label': 'P', 'xyz': [0.4724774112454793, 6.898213796988113, 4.293956755556071]}, {'species': [{'element': 'P', 'occu': 1}], 'abc': [-0.10939269614998245, 0.25033504515354754, 0.006948702274449182], 'properties': {}, 'label': 'P', 'xyz': [-0.5165813750024163, 2.3005940024010596, 0.3015971888931142]}, {'species': [{'element': 'F', 'occu': 1}], 'abc': [0.0700841395461119, 0.33991835593475156, 0.6768979559913736], 'properties': {}, 'label': 'F', 'xyz': [0.27005246534540556, 3.1236820013556263, 6.069435362019101]}, {'species': [{'element': 'F', 'occu': 1}], 'abc': [0.9284041587994977, 0.8396747609296832, 0.8230318450538967], 'properties': {}, 'label': 'F', 'xyz': [4.304743954039162, 7.7163495887894396, 5.546632754063757]}, {'species': [{'element': 'F', 'occu': 1}], 'abc': [0.9250787017430003, 0.6603710271077576, 0.3238688045804902], 'properties': {}, 'label': 'F', 'xyz': [4.333631959944593, 6.068670049483885, 0.9657221046904992]}, {'species': [{'element': 'F', 'occu': 1}], 'abc': [0.07661870252197489, 0.16051795802348817, 0.17624805920087303], 'properties': {}, 'label': 'F', 'xyz': [0.34557316484905154, 1.4751136703099297, 1.4534234985256753]}, {'species': [{'element': 'F', 'occu': 1}], 'abc': [0.7082647768180719, 0.17042221967292115, 0.3320255599105725], 'properties': {}, 'label': 'F', 'xyz': [3.3105301236253655, 1.5660417483937008, 1.5121770647075345]}, {'species': [{'element': 'F', 'occu': 1}], 'abc': [0.2930733895204911, 0.670705318760259, 0.16795043181941788], 'properties': {}, 'label': 'F', 'xyz': [1.3669882585843982, 6.163734953565476, 0.9064482136855647]}, {'species': [{'element': 'F', 'occu': 1}], 'abc': [0.29793187271418253, 0.8283387030272752, 0.6678669938914626], 'properties': {}, 'label': 'F', 'xyz': [1.3452683175752447, 7.612263006033454, 5.4909593181595255]}, {'species': [{'element': 'F', 'occu': 1}], 'abc': [0.7004665314795288, 0.32758050988307325, 0.8321200333058362], 'properties': {}, 'label': 'F', 'xyz': [3.229105061952129, 3.010204684453103, 6.125837708021759]}, {'species': [{'element': 'F', 'occu': 1}], 'abc': [0.05749178964774373, 0.3511308877823175, 0.42672603106137996], 'properties': {}, 'label': 'F', 'xyz': [0.23297923676624757, 3.226790167167379, 3.797280853540336]}, {'species': [{'element': 'F', 'occu': 1}], 'abc': [0.9439169514183671, 0.8514018255246081, 0.07394710425383953], 'properties': {}, 'label': 'F', 'xyz': [4.444718085384297, 7.82431082820567, -1.3725152233041245]}, {'species': [{'element': 'F', 'occu': 1}], 'abc': [0.9499572797371896, 0.6473325961387064, 0.5764962513930607], 'properties': {}, 'label': 'F', 'xyz': [4.428428703309092, 5.948780164647144, 3.233739157275789]}, {'species': [{'element': 'F', 'occu': 1}], 'abc': [0.04785967367880563, 0.14651745185681755, 0.9227457850406341], 'properties': {}, 'label': 'F', 'xyz': [0.14336087161157351, 1.3462611987390667, 8.37758850371194]}, {'species': [{'element': 'F', 'occu': 1}], 'abc': [0.7183684314795988, 0.15992839011195895, 0.5852169362119048], 'properties': {}, 'label': 'F', 'xyz': [3.335597100392941, 1.4695379185523958, 3.8174955730778635]}, {'species': [{'element': 'F', 'occu': 1}], 'abc': [0.2802577479081988, 0.6597441612410183, 0.9140224272000184], 'properties': {}, 'label': 'F', 'xyz': [1.240002485518115, 6.062812963951082, 7.792040206105996]}, {'species': [{'element': 'F', 'occu': 1}], 'abc': [0.2767914986662858, 0.8405780764418187, 0.4123126628902627], 'properties': {}, 'label': 'F', 'xyz': [1.2683622961461392, 7.724809959618622, 3.1879128801945407]}, {'species': [{'element': 'F', 'occu': 1}], 'abc': [0.7251297354634747, 0.34095369241647233, 0.0884812171515789], 'properties': {}, 'label': 'F', 'xyz': [3.411746511535733, 3.133291648227905, -0.7631448466736741]}, {'species': [{'element': 'F', 'occu': 1}], 'abc': [0.13943527993409016, 0.1303960746716045, 0.5572366386854151], 'properties': {}, 'label': 'F', 'xyz': [0.6078407326589651, 1.198190535605028, 4.818840899193003]}, {'species': [{'element': 'F', 'occu': 1}], 'abc': [0.8606128626333294, 0.6304082744797839, -0.05634842612017762], 'properties': {}, 'label': 'F', 'xyz': [4.063532884753213, 5.79341350583018, -2.389000960751081]}, {'species': [{'element': 'F', 'occu': 1}], 'abc': [0.8610418770821225, 0.8688620046612812, 0.446737863152018], 'properties': {}, 'label': 'F', 'xyz': [4.02062023690248, 7.984682543352435, 2.2342491176194277]}, {'species': [{'element': 'F', 'occu': 1}], 'abc': [0.13909963413856055, 0.36839561241136876, 1.0519447503686636], 'properties': {}, 'label': 'F', 'xyz': [0.5620693826951939, 3.3852877249417, 9.366743034139965]}, {'species': [{'element': 'F', 'occu': 1}], 'abc': [0.6366310736964609, 0.38042746595157456, 0.45336952305126965], 'properties': {}, 'label': 'F', 'xyz': [2.9618270323839857, 3.4959714401348685, 2.7831998756652525]}, {'species': [{'element': 'F', 'occu': 1}], 'abc': [0.3634098899084176, 0.880406561905229, 1.0456279579298962], 'properties': {}, 'label': 'F', 'xyz': [1.6203543340139346, 8.090666683947026, 8.820897594527915]}, {'species': [{'element': 'F', 'occu': 1}], 'abc': [0.36482998822797486, 0.6193092830240723, 0.5429253698334817], 'properties': {}, 'label': 'F', 'xyz': [1.6719589522929383, 5.691302497659658, 4.197161840315875]}, {'species': [{'element': 'F', 'occu': 1}], 'abc': [0.6348881719803022, 0.11921494420679665, -0.041421099021986624], 'properties': {}, 'label': 'F', 'xyz': [2.997809163141484, 1.0955464210930932, -1.7609348508167755]}]}",-0.2918540223388666
Si,success,-55.79664611816406,-58.73000717163086,"{'@module': 'pymatgen.core.structure', '@class': 'Structure', 'charge': 0.0, 'lattice': {'matrix': [[5.860394043855459, 0.0008150030280345749, -0.00020368648718764717], [0.0008150000130630145, 5.860583058288529, 0.00039056152784837334], [-0.00020368984318819766, 0.000390563690197849, 5.860931179910557]], 'pbc': (True, True, True), 'a': 5.860394104066267, 'b': 5.8605831279712985, 'c': 5.860931196463349, 'alpha': 89.99236386119573, 'beta': 90.0039821149575, 'gamma': 89.98406420975915, 'volume': 201.29558729054983}, 'properties': {}, 'sites': [{'species': [{'element': 'Si', 'occu': 1}], 'abc': [0.12494703875223655, 0.12478054165315622, 0.12481049672497924], 'properties': {}, 'label': 'Si', 'xyz': [0.7323151552135554, 0.7314373070796568, 0.7315290162911411]}, {'species': [{'element': 'Si', 'occu': 1}], 'abc': [0.6250822902560138, 0.6248929624002152, 0.12480339041086351], 'properties': {}, 'label': 'Si', 'xyz': [3.66371239732537, 3.662795296318469, 0.7315808205518114]}, {'species': [{'element': 'Si', 'occu': 1}], 'abc': [0.6250719202988795, 0.12478186903673301, 0.6249006306453436], 'properties': {}, 'label': 'Si', 'xyz': [3.6631421700142783, 0.7320480066623501, 3.662421006788798]}, {'species': [{'element': 'Si', 'occu': 1}], 'abc': [0.12495447863950591, 0.6249045243097779, 0.6249018349697973], 'properties': {}, 'label': 'Si', 'xyz': [0.7326644934107273, 3.6626507704628715, 3.6627252610847676]}, {'species': [{'element': 'Si', 'occu': 1}], 'abc': [0.374929857681771, 0.37496478728366994, 0.37503388057286174], 'properties': {}, 'label': 'Si', 'xyz': [2.197465910536036, 2.197964323395095, 2.1981178428468953]}, {'species': [{'element': 'Si', 'occu': 1}], 'abc': [0.8750342951499622, 0.8750585506411966, 0.3750307747141536], 'properties': {}, 'label': 'Si', 'xyz': [5.12868255423661, 5.129212945901803, 2.198193092490942]}, {'species': [{'element': 'Si', 'occu': 1}], 'abc': [0.8750390023325875, 0.37496573358753893, 0.8750951894351817], 'properties': {}, 'label': 'Si', 'xyz': [5.128200706486981, 2.19857276554487, 5.128840894719655]}, {'species': [{'element': 'Si', 'occu': 1}], 'abc': [0.37494830607656465, 0.8750550694260564, 0.8751070756851657], 'properties': {}, 'label': 'Si', 'xyz': [2.197879739154787, 5.128980284001445, 5.12920773658506]}, {'species': [{'element': 'Si', 'occu': 1}], 'abc': [0.8750457116366214, 0.8751935106224241, 0.8751133656118903], 'properties': {}, 'label': 'Si', 'xyz': [5.128647707594894, 5.130199213487908, 5.129142792398735]}, {'species': [{'element': 'Si', 'occu': 1}], 'abc': [0.37494613858932646, 0.375106523726885, 0.875109614342886], 'properties': {}, 'label': 'Si', 'xyz': [2.197459578237112, 2.198990306285892, 5.129027355256882]}, {'species': [{'element': 'Si', 'occu': 1}], 'abc': [0.3749558019744631, 0.8751845756880746, 0.37503856301963834], 'properties': {}, 'label': 'Si', 'xyz': [2.198025632494718, 5.129543963712092, 2.198340647665524]}, {'species': [{'element': 'Si', 'occu': 1}], 'abc': [0.8750451539355353, 0.37511134221487563, 0.3750551884328882], 'properties': {}, 'label': 'Si', 'xyz': [5.128338729044681, 2.1992308245449173, 2.198140917258937]}]}",0.5288492356974288
Si3N4,error,,,,
SiO2,success,477.90399169921875,-80.8559341430664,"{'@module': 'pymatgen.core.structure', '@class': 'Structure', 'charge': 0.0, 'lattice': {'matrix': [[6.355725473123014, 0.028782051362846443, 0.004961334948637842], [-3.1524503565735684, 5.459643037740807, 0.004367608944688895], [0.005890419331883117, 0.0013548542605037516, 6.983578661515965]], 'pbc': (True, True, True), 'a': 6.355792579295668, 'b': 6.304416263717076, 'c': 6.983581277127882, 'alpha': 89.97484549059585, 'beta': 89.90689794303047, 'gamma': 119.74303289336984, 'volume': 242.9635563132534}, 'properties': {}, 'sites': [{'species': [{'element': 'Si', 'occu': 1}], 'abc': [0.0922457503221533, -0.45795299770004916, -0.07725302686268601], 'properties': {}, 'label': 'Si', 'xyz': [2.029507703280431, -2.4977095401744105, -0.5410450874798388]}, {'species': [{'element': 'Si', 'occu': 1}], 'abc': [0.45656497489510245, 0.5492689099635073, 0.5903208028017313], 'properties': {}, 'label': 'Si', 'xyz': [1.1737359070761744, 3.012752855342392, 4.127215925465611]}, {'species': [{'element': 'Si', 'occu': 1}], 'abc': [0.4486543074922465, 0.9072986370715808, 0.2554685612624028], 'properties': {}, 'label': 'Si', 'xyz': [-0.007185484248232257, 4.966786001030634, 1.7902734430586964]}, {'species': [{'element': 'Si', 'occu': 1}], 'abc': [0.7172216547934387, 0.2368326922738592, 0.049157583808393704], 'properties': {}, 'label': 'Si', 'xyz': [3.812150194821067, 1.3137316713510556, 0.3478886227829976]}, {'species': [{'element': 'Si', 'occu': 1}], 'abc': [-0.2353095447002856, 0.48058401448678567, 0.7147349607988366], 'properties': {}, 'label': 'Si', 'xyz': [-3.0063700265227458, 2.618012839047344, 4.992339374446683]}, {'species': [{'element': 'Si', 'occu': 1}], 'abc': [0.521933035946795, 0.2854556548451533, 0.3813753370911783], 'properties': {}, 'label': 'Si', 'xyz': [2.4196247715872348, 1.57402499000798, 2.6672009094219162]}, {'species': [{'element': 'O', 'occu': 1}], 'abc': [0.6276131099605228, 0.4179310476014853, 0.16700282962199087], 'properties': {}, 'label': 'O', 'xyz': [2.672413466903667, 2.3000445915552796, 1.1712165555993597]}, {'species': [{'element': 'O', 'occu': 1}], 'abc': [0.5877687864014136, 0.21126713449320136, 0.8341986555172292], 'properties': {}, 'label': 'O', 'xyz': [3.0746016744597853, 1.1714905489414749, 5.829530780183452]}, {'species': [{'element': 'O', 'occu': 1}], 'abc': [0.788822397235996, 0.37343887040161494, 0.5000306174934019], 'properties': {}, 'label': 'O', 'xyz': [3.839236493742596, 2.062224324175872, 3.497547797509909]}, {'species': [{'element': 'O', 'occu': 1}], 'abc': [0.24155473040908973, 0.7322475563688093, 0.09795293660444393], 'properties': {}, 'label': 'O', 'xyz': [-0.7725415330891737, 4.004895425642749, 0.6884586428065311]}, {'species': [{'element': 'O', 'occu': 1}], 'abc': [0.26706516388803164, 0.5059449667061701, 0.7665508245864596], 'properties': {}, 'label': 'O', 'xyz': [0.10694178020348222, 2.7710041628721815, 5.356802751042735]}, {'species': [{'element': 'O', 'occu': 1}], 'abc': [0.4858657133779141, 0.7576835274527225, 0.43325992911886313], 'properties': {}, 'label': 'O', 'xyz': [0.7020214674070521, 4.151252811446913, 3.0314246037802848]}]}",0.5614558630777999
TiO2,success,-53.576454162597656,-53.6113166809082,"{'@module': 'pymatgen.core.structure', '@class': 'Structure', 'charge': 0.0, 'lattice': {'matrix': [[4.644896662629247, 0.00011340153585574342, 7.694148915940254e-05], [0.00011340148139352039, 4.645027000201609, -0.00012532931191775056], [4.942877706096397e-05, -8.060360346237087e-05, 2.9786176263633655]], 'pbc': (True, True, True), 'a': 4.644896664650809, 'b': 4.645027003276654, 'c': 2.978617627864086, 'alpha': 90.00309636320335, 'beta': 89.99810015149758, 'gamma': 89.99720240183079, 'volume': 64.26567208409297}, 'properties': {}, 'sites': [{'species': [{'element': 'Ti', 'occu': 1}], 'abc': [1.1445817379323466e-05, -0.00029362495352465895, -3.670341549801088e-05], 'properties': {}, 'label': 'Ti', 'xyz': [5.312952723663757e-05, -0.001363891580654165, -0.00010928775987849259]}, {'species': [{'element': 'Ti', 'occu': 1}], 'abc': [0.5000909663667361, 0.49992949989401986, 0.49982132767527254], 'properties': {}, 'label': 'Ti', 'xyz': [2.322952258990744, 2.3222024488885658, 1.4887524385693445]}, {'species': [{'element': 'O', 'occu': 1}], 'abc': [0.30507870222171907, 0.30513883819167825, 6.0444601679610715e-05], 'properties': {}, 'label': 'O', 'xyz': [1.4170936519729092, 1.4174127337318314, 0.0001652717250112133]}, {'species': [{'element': 'O', 'occu': 1}], 'abc': [0.6949837155470828, 0.6949935382389304, 0.00016509820406420455], 'properties': {}, 'label': 'O', 'xyz': [3.228206362383716, 3.2283425489987088, 0.00045813444078753463]}, {'species': [{'element': 'O', 'occu': 1}], 'abc': [0.19515423553775404, 0.8048985345894168, 0.5000175212137808], 'properties': {}, 'label': 'O', 'xyz': [0.9065872492880523, 3.7387572531665847, 1.48927514025588]}, {'species': [{'element': 'O', 'occu': 1}], 'abc': [0.8046809362721216, 0.19533320533802886, 0.4999723137379568], 'properties': {}, 'label': 'O', 'xyz': [3.7377066594666384, 0.9073789653149975, 1.489263778766868]}]}",0.047498053181957545
V2O5,success,1217.404296875,-214.3666229248047,"{'@module': 'pymatgen.core.structure', '@class': 'Structure', 'charge': -8.0, 'lattice': {'matrix': [[15.314098214372594, -0.5880307743866134, 0.017763092947107186], [-0.18384575918964344, 3.805913819671211, 0.10154101550238244], [0.00349743800501293, 0.11097942230979668, 6.019254201175164]], 'pbc': (True, True, True), 'a': 15.325393953779676, 'b': 3.8117043227099314, 'c': 6.020278216379511, 'alpha': 87.42007441803739, 'beta': 89.9408671372574, 'gamma': 94.96095717307176, 'volume': 350.0029376952302}, 'properties': {}, 'sites': [{'species': [{'element': 'V', 'oxidation_state': 5.0, 'spin': None, 'occu': 1}], 'abc': [0.08632977842561924, 0.5405971150587789, 0.3628253924929074], 'properties': {}, 'label': 'V5+', 'xyz': [1.2239451779181336, 2.046967617074541, 2.2403645319749645]}, {'species': [{'element': 'V', 'oxidation_state': 5.0, 'spin': None, 'occu': 1}], 'abc': [0.9196561547829362, 1.006478901770535, 0.13514068259570106], 'properties': {}, 'label': 'V5+', 'xyz': [13.8991404461531, 3.3047836754745794, 0.9319809489881441]}, {'species': [{'element': 'V', 'oxidation_state': 5.0, 'spin': None, 'occu': 1}], 'abc': [0.5912988724447042, -0.04623918115330767, 0.8722739279828724], 'properties': {}, 'label': 'V5+', 'xyz': [9.06676060801592, -0.4268798157958087, 5.256246629006917]}, {'species': [{'element': 'V', 'oxidation_state': 5.0, 'spin': None, 'occu': 1}], 'abc': [0.4138061785906044, 0.4801844403840643, 0.6365796320493872], 'properties': {}, 'label': 'V5+', 'xyz': [6.251014985455606, 1.6548570698252225, 3.8878435179132467]}, {'species': [{'element': 'V', 'oxidation_state': 5.0, 'spin': None, 'occu': 1}], 'abc': [0.9137501492880485, 0.48023736127169336, 0.6353353110092743], 'properties': {}, 'label': 'V5+', 'xyz': [13.90719197318322, 1.3609379478934631, 3.8892395581254524]}, {'species': [{'element': 'V', 'oxidation_state': 5.0, 'spin': None, 'occu': 1}], 'abc': [0.09135716700118193, -0.04633513725434372, 0.8714966909592665], 'properties': {}, 'label': 'V5+', 'xyz': [1.410619152176824, -0.13335016556258247, 5.242677987325396]}, {'species': [{'element': 'V', 'oxidation_state': 5.0, 'spin': None, 'occu': 1}], 'abc': [0.4198284665534449, 1.006551475527882, 0.1364033132851603], 'properties': {}, 'label': 'V5+', 'xyz': [6.244721211938909, 3.5991140735345772, 0.9307099275996661]}, {'species': [{'element': 'V', 'oxidation_state': 5.0, 'spin': None, 'occu': 1}], 'abc': [0.5863357069353677, 0.5407638028839606, 0.3638771616138334], 'properties': {}, 'label': 'V5+', 'xyz': [8.88105810853251, 1.7536998679619293, 2.2555939751080287]}, {'species': [{'element': 'O', 'oxidation_state': -2.0, 'spin': None, 'occu': 1}], 'abc': [0.3333732049650635, 0.30473807871482583, 0.08413702930971469], 'properties': {}, 'label': 'O2-', 'xyz': [5.049579463483763, 0.97311064019311, 0.5433073203477158]}, {'species': [{'element': 'O', 'oxidation_state': -2.0, 'spin': None, 'occu': 1}], 'abc': [0.672923011695862, 0.6934023860568395, 0.10514684778251224], 'properties': {}, 'label': 'O2-', 'xyz': [10.17809774831484, 2.254999420441227, 0.7152675816901997]}, {'species': [{'element': 'O', 'oxidation_state': -2.0, 'spin': None, 'occu': 1}], 'abc': [0.8556123981924115, 0.6096084615658414, 0.9459477316044167], 'properties': {}, 'label': 'O2-', 'xyz': [12.994166762475727, 1.9219715801667914, 5.770998442354031]}, {'species': [{'element': 'O', 'oxidation_state': -2.0, 'spin': None, 'occu': 1}], 'abc': [0.14644428244056346, 0.4971809597848468, 0.9151945592402471], 'properties': {}, 'label': 'O2-', 'xyz': [2.154458349455296, 1.90768190440008, 5.561874258545076]}, {'species': [{'element': 'O', 'oxidation_state': -2.0, 'spin': None, 'occu': 1}], 'abc': [0.6464246379522618, 0.4973490709666104, 0.9159713806591372], 'properties': {}, 'label': 'O2-', 'xyz': [9.811178429375282, 1.6144040966326636, 5.575448411841089]}, {'species': [{'element': 'O', 'oxidation_state': -2.0, 'spin': None, 'occu': 1}], 'abc': [0.355619094806634, 0.6097248711802269, 0.9469456220078003], 'properties': {}, 'label': 'O2-', 'xyz': [5.337202296543227, 2.2165368198054796, 5.768135391186396]}, {'species': [{'element': 'O', 'oxidation_state': -2.0, 'spin': None, 'occu': 1}], 'abc': [0.17291025387729647, 0.6933445367922111, 0.10444865951257122], 'properties': {}, 'label': 'O2-', 'xyz': [2.520861460113814, 2.5487246557778955, 0.7021773618481989]}, {'species': [{'element': 'O', 'oxidation_state': -2.0, 'spin': None, 'occu': 1}], 'abc': [0.8333669454389193, 0.3046744834919855, 0.0830351260189624], 'properties': {}, 'label': 'O2-', 'xyz': [12.70654054954549, 0.678734607265687, 0.545549662097067]}, {'species': [{'element': 'O', 'oxidation_state': -2.0, 'spin': None, 'occu': 1}], 'abc': [0.15168299363579854, 0.2390276404880886, 0.5838866006338352], 'properties': {}, 'label': 'O2-', 'xyz': [2.280986151143505, 0.8853237296408539, 3.541527342337845]}, {'species': [{'element': 'O', 'oxidation_state': -2.0, 'spin': None, 'occu': 1}], 'abc': [0.8499502247117792, 0.9242689739705905, 0.5974265110057837], 'properties': {}, 'label': 'O2-', 'xyz': [12.848387749533979, 3.084193221364637, 3.7050109913212728]}, {'species': [{'element': 'O', 'oxidation_state': -2.0, 'spin': None, 'occu': 1}], 'abc': [0.643356058516191, 0.07766534850896233, 0.37423741724766146], 'properties': {}, 'label': 'O2-', 'xyz': [9.839448294135213, -0.04119288572289883, 2.2719443578273832]}, {'species': [{'element': 'O', 'oxidation_state': -2.0, 'spin': None, 'occu': 1}], 'abc': [0.3498352548890631, 0.7432976853278681, 0.3922807413926908], 'properties': {}, 'label': 'O2-', 'xyz': [5.222131302531757, 2.6667481269418216, 2.4429268586055937]}, {'species': [{'element': 'O', 'oxidation_state': -2.0, 'spin': None, 'occu': 1}], 'abc': [0.8497904524337953, 0.7430691753578182, 0.39107471463276117], 'properties': {}, 'label': 'O2-', 'xyz': [12.878532093102939, 2.371755551564928, 2.4445250244731223]}, {'species': [{'element': 'O', 'oxidation_state': -2.0, 'spin': None, 'occu': 1}], 'abc': [0.14332977831188382, 0.07772193250307614, 0.3734525098332521], 'properties': {}, 'label': 'O2-', 'xyz': [2.1819835814266835, 0.2529662002730499, 2.258343532880624]}, {'species': [{'element': 'O', 'oxidation_state': -2.0, 'spin': None, 'occu': 1}], 'abc': [0.34994996216649493, 0.9245693582748113, 0.5985996909271722], 'properties': {}, 'label': 'O2-', 'xyz': [5.191283500447001, 3.3794821985472376, 3.7032216096819464]}, {'species': [{'element': 'O', 'oxidation_state': -2.0, 'spin': None, 'occu': 1}], 'abc': [0.6516735933905258, 0.23892592116569883, 0.5847320251841616], 'properties': {}, 'label': 'O2-', 'xyz': [9.937912959536456, 0.5910205598344452, 3.5554872184270048]}, {'species': [{'element': 'O', 'oxidation_state': -2.0, 'spin': None, 'occu': 1}], 'abc': [-0.02873989369674574, 0.26279614057967005, 0.3679276722939596], 'properties': {}, 'label': 'O2-', 'xyz': [-0.487152706495393, 1.0579118056576828, 2.2408242647655565]}, {'species': [{'element': 'O', 'oxidation_state': -2.0, 'spin': None, 'occu': 1}], 'abc': [1.019762912291407, 0.7734683697018547, 0.13309395962299395], 'properties': {}, 'label': 'O2-', 'xyz': [15.47501600244084, 2.358872673073269, 0.8977792827252874]}, {'species': [{'element': 'O', 'oxidation_state': -2.0, 'spin': None, 'occu': 1}], 'abc': [0.46901891458493095, 0.18621306743412386, 0.8743883721440369], 'properties': {}, 'label': 'O2-', 'xyz': [7.1514253587224825, 0.529952447620502, 5.290405373027505]}, {'species': [{'element': 'O', 'oxidation_state': -2.0, 'spin': None, 'occu': 1}], 'abc': [0.5256777625531968, 0.7074502118576828, 0.6194957218999221], 'properties': {}, 'label': 'O2-', 'xyz': [7.9223858114451575, 2.4521311135863457, 3.810075102542011]}, {'species': [{'element': 'O', 'oxidation_state': -2.0, 'spin': None, 'occu': 1}], 'abc': [1.0256692435493076, 0.7072033806089171, 0.6185966180789132], 'properties': {}, 'label': 'O2-', 'xyz': [15.579346692087652, 2.157081535346037, 3.8135194997441495]}, {'species': [{'element': 'O', 'oxidation_state': -2.0, 'spin': None, 'occu': 1}], 'abc': [-0.03103049717494727, 0.18598199942140473, 0.8730820422287199], 'properties': {}, 'label': 'O2-', 'xyz': [-0.5063425329412048, 0.8229724897669941, 5.2736363541367135]}, {'species': [{'element': 'O', 'oxidation_state': -2.0, 'spin': None, 'occu': 1}], 'abc': [0.5197787526445432, 0.773298871738922, 0.13399301443053718], 'properties': {}, 'label': 'O2-', 'xyz': [7.818243781848352, 2.652333427595089, 0.8942924460575085]}, {'species': [{'element': 'O', 'oxidation_state': -2.0, 'spin': None, 'occu': 1}], 'abc': [0.471258270354997, 0.26278013768732733, 0.3689731342909062], 'properties': {}, 'label': 'O2-', 'xyz': [7.169874883301389, 0.7639526171977975, 2.255997055194341]}]}",0.8152030335998539
VO2,success,-92.21782684326172,-93.12543487548828,"{'@module': 'pymatgen.core.structure', '@class': 'Structure', 'charge': 0.0, 'lattice': {'matrix': [[5.088943859210239, 0.00044090309535978076, -3.237312644012542], [8.277416391308717e-05, 4.524056317892269, -0.00051856887907083], [-0.11774753547590362, -0.0006148731028796226, 5.432341215788029]], 'pbc': (True, True, True), 'a': 6.031379854699306, 'b': 4.524056348369922, 'c': 5.433617206330323, 'alpha': 90.01307233283856, 'beta': 123.70403494147027, 'gamma': 89.99140200511512, 'volume': 123.3424849440334}, 'properties': {}, 'sites': [{'species': [{'element': 'V', 'occu': 1}], 'abc': [0.2501661135300754, 1.0001386583653096, -0.0010657995611662344], 'properties': {}, 'label': 'V', 'xyz': [1.2732895881442505, 4.524794570491169, -0.8161743501012662]}, {'species': [{'element': 'V', 'occu': 1}], 'abc': [0.7495774387375477, 0.5001488648754472, 0.5005035682897289], 'properties': {}, 'label': 'V', 'xyz': [3.7556658416070934, 2.2627243768573284, 0.292030280941446]}, {'species': [{'element': 'V', 'occu': 1}], 'abc': [0.7494852507661054, 0.00013613319849784344, 1.000413230375663], 'properties': {}, 'label': 'V', 'xyz': [3.696292183388908, 0.0003311974366054177, 3.008267874788895]}, {'species': [{'element': 'V', 'occu': 1}], 'abc': [0.25005231361494895, 0.4999489760752403, 0.49894598604816615], 'properties': {}, 'label': 'V', 'xyz': [1.213793908517835, 2.2616007842094255, 1.9006880699510722]}, {'species': [{'element': 'O', 'occu': 1}], 'abc': [0.10018905353534004, 0.2009605025949046, 0.20009369312846925], 'properties': {}, 'label': 'O', 'xyz': [0.4863125638561874, 0.9090777728451482, 0.7625297145368516]}, {'species': [{'element': 'O', 'occu': 1}], 'abc': [0.9000852744348543, 0.7010059971257145, 0.3003240627284502], 'properties': {}, 'label': 'O', 'xyz': [4.545179037055739, 3.1716027993722253, -1.2827581754589348]}, {'species': [{'element': 'O', 'occu': 1}], 'abc': [0.9000101329516833, 0.7988587626049061, 0.8002602496185587], 'properties': {}, 'label': 'O', 'xyz': [4.485938492045703, 3.613986790817005, 1.4332582909227596]}, {'species': [{'element': 'O', 'occu': 1}], 'abc': [0.10007743828686175, 0.2988582736660207, 0.699966580879602], 'properties': {}, 'label': 'O', 'xyz': [0.42689386294508014, 1.3516653949619564, 3.478320372040068]}, {'species': [{'element': 'O', 'occu': 1}], 'abc': [0.3992434029185446, 0.7000860970473505, 0.29852249300442346], 'properties': {}, 'label': 'O', 'xyz': [1.9966349248184838, 3.167221404616202, 0.32883728341832597]}, {'species': [{'element': 'O', 'occu': 1}], 'abc': [0.6009849120729183, 0.20006259088128306, 0.20182192455853798], 'properties': {}, 'label': 'O', 'xyz': [3.034631003563402, 0.9052353094853798, -0.8493142419189136]}, {'species': [{'element': 'O', 'occu': 1}], 'abc': [0.6007853144704515, 0.2998836079120655, 0.7016645330806184], 'properties': {}, 'label': 'O', 'xyz': [2.974768289891919, 1.3565237844630686, 1.866595757531856]}, {'species': [{'element': 'O', 'occu': 1}], 'abc': [0.3993433428231911, 0.7999115337347106, 0.7985494794561526], 'properties': {}, 'label': 'O', 'xyz': [1.9382748310234497, 3.618529893067138, 3.0447791878445774]}]}",0.01788709370931052
ZnO,error,,,,
ZrO2,success,-113.859130859375,-114.04998779296875,"{'@module': 'pymatgen.core.structure', '@class': 'Structure', 'charge': 0.0, 'lattice': {'matrix': [[5.149473372905277, 9.454890370241556e-05, -0.8414468231214814], [9.880808598622009e-05, 5.294448430061638, 1.1670070252489437e-05], [-0.004060038964494358, 1.1929625428425206e-05, 5.396393021752713]], 'pbc': (True, True, True), 'a': 5.217768563604674, 'b': 5.294448430996506, 'c': 5.396394549074418, 'alpha': 89.99974785083403, 'beta': 99.32347365904707, 'gamma': 89.99792684335374, 'volume': 147.10712775860821}, 'properties': {}, 'sites': [{'species': [{'element': 'Zr', 'occu': 1}], 'abc': [0.2767151687964486, 0.04295785142780472, 0.20979116141276682], 'properties': {}, 'label': 'Zr', 'xyz': [1.4240898778896363, 0.22746679489658317, 0.8992749611010998]}, {'species': [{'element': 'Zr', 'occu': 1}], 'abc': [0.7232539308101719, 0.5428791115827786, 0.2901916435749009], 'properties': {}, 'label': 'Zr', 'xyz': [3.723252310021908, 2.8743173047765658, 0.9574147734055738]}, {'species': [{'element': 'Zr', 'occu': 1}], 'abc': [0.7233650047464807, 0.9570988701849915, 0.7902291311476002], 'properties': {}, 'label': 'Zr', 'xyz': [3.7218350388776265, 5.067388431170408, 3.655724953120491]}, {'species': [{'element': 'Zr', 'occu': 1}], 'abc': [0.27677131696011, 0.45714183136613784, 0.7097819488300944], 'properties': {}, 'label': 'Zr', 'xyz': [1.4223899540108496, 2.420348487249331, 3.597379345122817]}, {'species': [{'element': 'O', 'occu': 1}], 'abc': [0.0701348441157855, 0.33426557081951347, 0.3443615450568684], 'properties': {}, 'label': 'O', 'xyz': [0.35979241913755916, 1.7697625659258973, 1.7992993978362135]}, {'species': [{'element': 'O', 'occu': 1}], 'abc': [0.9298730144583268, 0.8343309178141568, 0.15555248598289909], 'properties': {}, 'label': 'O', 'xyz': [4.787807217623271, 4.417411792130039, 0.05699339265247363]}, {'species': [{'element': 'O', 'occu': 1}], 'abc': [0.92985820320569, 0.6656805257146269, 0.6556968614011613], 'properties': {}, 'label': 'O', 'xyz': [4.785683677797683, 3.524506953584075, 2.755979504748007]}, {'species': [{'element': 'O', 'occu': 1}], 'abc': [0.0701072099528588, 0.16575607336959958, 0.8443893559786313], 'properties': {}, 'label': 'O', 'xyz': [0.3576033352547989, 0.8776036842334334, 4.497667273537631]}, {'species': [{'element': 'O', 'occu': 1}], 'abc': [0.4490825368147483, 0.7577408739518707, 0.4792851952149548], 'properties': {}, 'label': 'O', 'xyz': [2.310667519922051, 4.011868158442396, 2.2085410518544952]}, {'species': [{'element': 'O', 'occu': 1}], 'abc': [0.5508645617573307, 0.25775554852322385, 0.020698122132609874], 'properties': {}, 'label': 'O', 'xyz': [2.8366038259965602, 1.3647257897797058, -0.35182502559575246]}, {'species': [{'element': 'O', 'occu': 1}], 'abc': [0.5509392696547264, 0.24217781040888114, 0.5206771880649006], 'properties': {}, 'label': 'O', 'xyz': [2.834957058629342, 1.282256230302841, 2.346195472307477]}, {'species': [{'element': 'O', 'occu': 1}], 'abc': [0.4490349372868825, 0.7422150152864788, 0.9793453597806613], 'properties': {}, 'label': 'O', 'xyz': [2.3083906095876365, 3.9296732614360246, 4.907102105657031]}]}",0.00985485058593838
ZrTe5,success,1011.80908203125,-158.34927368164062,"{'@module': 'pymatgen.core.structure', '@class': 'Structure', 'charge': 0.0, 'lattice': {'matrix': [[4.832817730106551, 0.006505384856895631, -0.005008109619210521], [0.022273235270418624, 18.778757038008887, 0.001028126632768272], [-0.015438359164297578, 0.0011474877738057562, 15.993062729571598]], 'pbc': (True, True, True), 'a': 4.832824703382726, 'b': 18.77877027514374, 'c': 15.993070222182919, 'alpha': 89.99281777635527, 'beta': 90.11467681949269, 'gamma': 89.85492063523773, 'volume': 1451.4355970314912}, 'properties': {}, 'sites': [{'species': [{'element': 'Zr', 'occu': 1}], 'abc': [0.08806380517955605, 0.23065262550412075, 0.3157057295875943], 'properties': {}, 'label': 'Zr', 'xyz': [0.4258597208024007, 4.332304771930213, 5.048897644296939]}, {'species': [{'element': 'Zr', 'occu': 1}], 'abc': [0.08154400508291695, 0.7717784925998818, 0.3158228396457595], 'properties': {}, 'label': 'Zr', 'xyz': [0.4064015310602064, 14.49393367767694, 5.051359590592659]}, {'species': [{'element': 'Zr', 'occu': 1}], 'abc': [-0.009583893734791522, 0.2177635859457641, 0.6894575120470376], 'properties': {}, 'label': 'Zr', 'xyz': [-0.05211100468136272, 4.090058269349531, 11.026809125275399]}, {'species': [{'element': 'Zr', 'occu': 1}], 'abc': [0.06903189911039345, 0.7841234278813636, 0.6901045678449103], 'properties': {}, 'label': 'Zr', 'xyz': [0.34042946937457275, 14.726104305620176, 11.037346102369163]}, {'species': [{'element': 'Zr', 'occu': 1}], 'abc': [0.5688164814029889, 0.7210677396097603, 0.8142819112317526], 'properties': {}, 'label': 'Zr', 'xyz': [2.7524757113048386, 13.545390638739988, 13.020754339539915]}, {'species': [{'element': 'Zr', 'occu': 1}], 'abc': [0.5021888557964784, 0.27991201193684756, 0.8201094286178965], 'properties': {}, 'label': 'Zr', 'xyz': [2.4205606083389983, 5.260607661502625, 13.113834305154068]}, {'species': [{'element': 'Zr', 'occu': 1}], 'abc': [0.5821457790769804, 0.7168923951678954, 0.18761483965214193], 'properties': {}, 'label': 'Zr', 'xyz': [2.8264754903319687, 13.46635047932456, 2.9983575058435457]}, {'species': [{'element': 'Zr', 'occu': 1}], 'abc': [0.581792089681036, 0.2858896412711393, 0.18748172064856045], 'properties': {}, 'label': 'Zr', 'xyz': [2.815168403347546, 5.372652027546573, 2.995787171173957]}, {'species': [{'element': 'Te', 'occu': 1}], 'abc': [-0.12750728716656048, 0.10592065622224173, 0.39066928607735457], 'properties': {}, 'label': 'Te', 'xyz': [-0.6198915751932277, 1.9886770727582397, 6.248745869071085]}, {'species': [{'element': 'Te', 'occu': 1}], 'abc': [-0.14076994461540687, 0.8922571967136269, 0.39774547960359435], 'properties': {}, 'label': 'Te', 'xyz': [-0.6665825673094248, 16.755021757909027, 6.36279075040477]}, {'species': [{'element': 'Te', 'occu': 1}], 'abc': [-0.2301819753174915, 0.1043552283430226, 0.594740776770377], 'properties': {}, 'label': 'Te', 'xyz': [-1.1192850246341732, 1.9588465141329274, 9.512986617677061]}, {'species': [{'element': 'Te', 'occu': 1}], 'abc': [-0.17074511904324896, 0.9011884338128938, 0.604585515516509], 'properties': {}, 'label': 'Te', 'xyz': [-0.8144414649661484, 16.92278163581155, 9.67095572114897]}, {'species': [{'element': 'Te', 'occu': 1}], 'abc': [0.34585065360886424, 0.5977786949072693, 0.8897239754448081], 'properties': {}, 'label': 'Te', 'xyz': [1.6710117579511679, 11.228811713150272, 14.228293885504222]}, {'species': [{'element': 'Te', 'occu': 1}], 'abc': [0.7346549027801419, 0.39437977250830725, 0.9069599909286309], 'properties': {}, 'label': 'Te', 'xyz': [3.5452353790369417, 7.41178186701923, 14.50179426819541]}, {'species': [{'element': 'Te', 'occu': 1}], 'abc': [0.3600859349578107, 0.6002923159961427, 0.09810075710986761], 'properties': {}, 'label': 'Te', 'xyz': [1.7520856280887567, 11.27519862088306, 1.5677453889594968]}, {'species': [{'element': 'Te', 'occu': 1}], 'abc': [0.33854911082857503, 0.3928695437191078, 0.08888494066003245], 'properties': {}, 'label': 'Te', 'xyz': [1.6435243834637758, 7.379906095776119, 1.4202508602727335]}, {'species': [{'element': 'Te', 'occu': 1}], 'abc': [0.021794290075913023, 0.38362426002210886, 0.23919907406705893], 'properties': {}, 'label': 'Te', 'xyz': [0.1101795436756557, 7.204403031098752, 3.825811062534848]}, {'species': [{'element': 'Te', 'occu': 1}], 'abc': [0.01659251349283046, 0.6173851010350913, 0.24131571286947517], 'properties': {}, 'label': 'Te', 'xyz': [0.09021423835572152, 11.594109658740706, 3.859928986491423]}, {'species': [{'element': 'Te', 'occu': 1}], 'abc': [0.052745494463598074, 0.3744626085620255, 0.7570323194699448], 'properties': {}, 'label': 'Te', 'xyz': [0.2515625177604321, 7.033154161077224, 12.107386213358557]}, {'species': [{'element': 'Te', 'occu': 1}], 'abc': [-0.0008393586599921109, 0.625580939714275, 0.7490586030899258], 'properties': {}, 'label': 'Te', 'xyz': [-0.0016869917125920313, 11.748486549741449, 11.980388607367708]}, {'species': [{'element': 'Te', 'occu': 1}], 'abc': [0.5030847536613654, 0.8799527186777732, 0.7504713795516107], 'properties': {}, 'label': 'Te', 'xyz': [2.439330264470844, 16.528552225656117, 12.000721049148606]}, {'species': [{'element': 'Te', 'occu': 1}], 'abc': [0.4553734784571276, 0.12134021014420163, 0.7440230965590932], 'properties': {}, 'label': 'Te', 'xyz': [2.191953163764991, 2.282434462376621, 11.897052248323563]}, {'species': [{'element': 'Te', 'occu': 1}], 'abc': [0.5034109046720594, 0.8718202445581117, 0.25715916749284934], 'properties': {}, 'label': 'Te', 'xyz': [2.448341287458518, 16.37527052205094, 4.111137901815862]}, {'species': [{'element': 'Te', 'occu': 1}], 'abc': [0.5018742175597198, 0.12975265049182563, 0.25361472274686986], 'properties': {}, 'label': 'Te', 'xyz': [2.4244412330382117, 2.4401494033522666, 4.0536961310926465]}, {'species': [{'element': 'Te', 'occu': 1}], 'abc': [0.06293517706348632, 0.20731980760143237, 0.12959416325789122], 'properties': {}, 'label': 'Te', 'xyz': [0.30677120117276446, 3.8937664213797767, 2.072505547119854]}, {'species': [{'element': 'Te', 'occu': 1}], 'abc': [0.0648013832628041, 0.7922121248147012, 0.12856569277554772], 'properties': {}, 'label': 'Te', 'xyz': [0.32883355766671, 14.877328099958019, 2.056649151383632]}, {'species': [{'element': 'Te', 'occu': 1}], 'abc': [0.018598811678769617, 0.19989996688902575, 0.8748655213163676], 'properties': {}, 'label': 'Te', 'xyz': [0.08083059769459623, 3.754997800032322, 13.991891539944199]}, {'species': [{'element': 'Te', 'occu': 1}], 'abc': [0.05473476769167492, 0.7935637074859445, 0.8771369253530044], 'properties': {}, 'label': 'Te', 'xyz': [0.2686568320226225, 14.90350263168679, 14.028647635860041]}, {'species': [{'element': 'Te', 'occu': 1}], 'abc': [0.5529403682615512, 0.7111890970709156, 0.6260762739633321], 'properties': {}, 'label': 'Te', 'xyz': [2.678434907125196, 13.35956276674394, 10.010839129466516]}, {'species': [{'element': 'Te', 'occu': 1}], 'abc': [0.4749119520455043, 0.29526382971504045, 0.6304414169765923], 'properties': {}, 'label': 'Te', 'xyz': [2.29200640180378, 5.548500629170051, 10.080614286518351]}, {'species': [{'element': 'Te', 'occu': 1}], 'abc': [0.5694006464213899, 0.6970716932763209, 0.3739061050860993], 'properties': {}, 'label': 'Te', 'xyz': [2.761563084640074, 13.094273189136358, 5.977768850730055]}, {'species': [{'element': 'Te', 'occu': 1}], 'abc': [0.5737053417994521, 0.30243925929446147, 0.3755505502647768], 'properties': {}, 'label': 'Te', 'xyz': [2.7735517642031704, 5.6835964827538, 6.003641275126124]}]}",-0.079105177551269
